{
    "fair": {
        "epoch": 1600,
        "acc": 0.666406858924396,
        "roc": 0.7391044958400123,
        "parity": 6.05291050839174e-05,
        "equality": 0.00028571428571433355,
        "consistency": 0.41325847175253017
    },
    "acc": {
        "epoch": 2400,
        "acc": 0.6812159002338269,
        "roc": 0.7355548431417449,
        "parity": 0.038031109269830665,
        "equality": 0.026285714285714246,
        "consistency": null
    },
    "auc": {
        "epoch": 2400,
        "acc": 0.6609508963367109,
        "roc": 0.7477713151667813,
        "parity": 0.022134821183572684,
        "equality": 0.008000000000000007,
        "consistency": null
    },
    "ar": {
        "epoch": 2400,
        "acc": 0.6784879189399844,
        "roc": 0.7415629341271659,
        "parity": 0.02625887087662282,
        "equality": 0.0128571428571429,
        "consistency": null
    },
    "best_epoch": 1600,
    "best_gnn_model": "gnn_epoch1600.pt",
    "best_ac_model": "ac_epoch1600.pt"
}