{
    "fair": {
        "epoch": 2000,
        "acc": 0.6539360872954014,
        "roc": 0.7217042973818792,
        "parity": 4.573310161892774e-05,
        "equality": 0.0,
        "consistency": 0.41325847175253017
    },
    "acc": {
        "epoch": 2600,
        "acc": 0.6792673421667966,
        "roc": 0.7338023051675444,
        "parity": 0.049124076594874666,
        "equality": 0.06800000000000006,
        "consistency": null
    },
    "auc": {
        "epoch": 2799,
        "acc": 0.6652377240841777,
        "roc": 0.7377476528509274,
        "parity": 0.01859319599055209,
        "equality": 0.010857142857142843,
        "consistency": null
    },
    "ar": {
        "epoch": 2600,
        "acc": 0.6784879189399844,
        "roc": 0.7351915120983132,
        "parity": 0.060487407255960135,
        "equality": 0.06714285714285717,
        "consistency": null
    },
    "best_epoch": 2000,
    "best_gnn_model": "gnn_epoch2000.pt",
    "best_ac_model": "ac_epoch2000.pt"
}