{
    "fair": {
        "epoch": 1000,
        "acc": 0.6574434918160561,
        "roc": 0.6947029997710099,
        "parity": 0.003448813898558556,
        "equality": 0.014285714285714235,
        "consistency": 0.41325847175253017
    },
    "acc": {
        "epoch": 2799,
        "acc": 0.6703039750584567,
        "roc": 0.7259384779787803,
        "parity": 0.07966706302021404,
        "equality": 0.09085714285714286,
        "consistency": null
    },
    "auc": {
        "epoch": 2799,
        "acc": 0.6547155105222136,
        "roc": 0.7392333409663385,
        "parity": 0.045809771818724754,
        "equality": 0.059428571428571386,
        "consistency": null
    },
    "ar": {
        "epoch": 2799,
        "acc": 0.6652377240841777,
        "roc": 0.7347347530722845,
        "parity": 0.07257708717805239,
        "equality": 0.08457142857142852,
        "consistency": null
    },
    "best_epoch": 1000,
    "best_gnn_model": "gnn_epoch1000.pt",
    "best_ac_model": "ac_epoch1000.pt"
}