{
    "epoch": 1443,
    "acc": 0.6525821596244131,
    "roc": 0.7555555555555555,
    "parity": 0.0005753739930954849,
    "equality": 0.0014605647517039744,
    "consistency": 0.026404716594824573
}