{
    "fair": {
        "epoch": 2600,
        "acc": 0.6531566640685893,
        "roc": 0.7252075414090527,
        "parity": 0.0001425796697532289,
        "equality": 0.0,
        "consistency": 0.41325847175253017
    },
    "acc": {
        "epoch": 1400,
        "acc": 0.6765393608729541,
        "roc": 0.7342096023204335,
        "parity": 0.05989287693491374,
        "equality": 0.05685714285714283,
        "consistency": null
    },
    "auc": {
        "epoch": 2799,
        "acc": 0.6636788776305534,
        "roc": 0.7378368063506604,
        "parity": 0.017330155331134578,
        "equality": 0.004857142857142838,
        "consistency": null
    },
    "ar": {
        "epoch": 1400,
        "acc": 0.6749805144193297,
        "roc": 0.7366387298679491,
        "parity": 0.059670936882939396,
        "equality": 0.06285714285714283,
        "consistency": null
    },
    "best_epoch": 2600,
    "best_gnn_model": "gnn_epoch2600.pt",
    "best_ac_model": "ac_epoch2600.pt"
}