{
    "fair": {
        "epoch": 1200,
        "acc": 0.6504286827747467,
        "roc": 0.7118711548736738,
        "parity": 0.0005151699388252773,
        "equality": 0.00028571428571427804,
        "consistency": 0.41325847175253017
    },
    "acc": {
        "epoch": 2400,
        "acc": 0.6749805144193297,
        "roc": 0.7344190519807648,
        "parity": 0.09504145571152639,
        "equality": 0.08742857142857152,
        "consistency": null
    },
    "auc": {
        "epoch": 2400,
        "acc": 0.6418550272798129,
        "roc": 0.7381708266544539,
        "parity": 0.04061637460252554,
        "equality": 0.03828571428571431,
        "consistency": null
    },
    "ar": {
        "epoch": 2400,
        "acc": 0.6749805144193297,
        "roc": 0.7344190519807648,
        "parity": 0.09504145571152639,
        "equality": 0.08742857142857152,
        "consistency": null
    },
    "best_epoch": 1200,
    "best_gnn_model": "gnn_epoch1200.pt",
    "best_ac_model": "ac_epoch1200.pt"
}