{
    "fair": {
        "epoch": 1800,
        "acc": 0.6590023382696805,
        "roc": 0.7127535302648652,
        "parity": 0.0004411899215004955,
        "equality": 0.0005714285714285561,
        "consistency": 0.41325847175253017
    },
    "acc": {
        "epoch": 2799,
        "acc": 0.6835541699142634,
        "roc": 0.7396601786123196,
        "parity": 0.04976972038243632,
        "equality": 0.056571428571428606,
        "consistency": null
    },
    "auc": {
        "epoch": 2799,
        "acc": 0.6710833982852689,
        "roc": 0.7422321960155713,
        "parity": 0.04832643749899118,
        "equality": 0.06028571428571433,
        "consistency": null
    },
    "ar": {
        "epoch": 2799,
        "acc": 0.6835541699142634,
        "roc": 0.7396601786123196,
        "parity": 0.04976972038243632,
        "equality": 0.056571428571428606,
        "consistency": null
    },
    "best_epoch": 1800,
    "best_gnn_model": "gnn_epoch1800.pt",
    "best_ac_model": "ac_epoch1800.pt"
}