{
    "best_fair": {
        "acc": 0.6582278481012658,
        "roc": 0.7978177150192555,
        "parity": 0.05059523809523808,
        "equality": 0.011111111111111127
    },
    "acc": {
        "acc": 0.7594936708860759,
        "roc": 0.8055198973042362,
        "parity": 0.1964285714285714,
        "equality": 0.2055555555555556
    },
    "auc": {
        "acc": 0.4810126582278481,
        "roc": 0.8459563543003852,
        "parity": 0.0,
        "equality": 0.0
    },
    "ar": {
        "acc": 0.7594936708860759,
        "roc": 0.806803594351733,
        "parity": 0.1964285714285714,
        "equality": 0.2055555555555556
    }
}