{
    "fair": {
        "epoch": 2000,
        "acc": 0.6525821596244131,
        "roc": 0.7462962962962962,
        "parity": 0.0005753739930954849,
        "equality": 0.0014605647517039744,
        "consistency": 0.026404716594824573
    },
    "acc": {
        "epoch": 1000,
        "acc": 0.7417840375586855,
        "roc": 0.7683421516754849,
        "parity": 0.08262370540851555,
        "equality": 0.16942551119766303,
        "consistency": null
    },
    "auc": {
        "epoch": 1000,
        "acc": 0.568075117370892,
        "roc": 0.7843915343915344,
        "parity": 0.023014959723820477,
        "equality": 0.07448880233690361,
        "consistency": null
    },
    "ar": {
        "epoch": 1000,
        "acc": 0.7417840375586855,
        "roc": 0.7683421516754849,
        "parity": 0.08262370540851555,
        "equality": 0.16942551119766303,
        "consistency": null
    },
    "best_epoch": 2000,
    "best_gnn_model": "gnn_epoch2000.pt",
    "best_ac_model": "ac_epoch2000.pt"
}