{
    "fair": {
        "epoch": 1600,
        "acc": 0.6962025316455696,
        "roc": 0.8023106546854942,
        "parity": 0.005952380952380931,
        "equality": 0.005555555555555536,
        "consistency": 0.07039931728334614
    },
    "acc": {
        "epoch": 1000,
        "acc": 0.8227848101265822,
        "roc": 0.8388960205391527,
        "parity": 0.1954365079365079,
        "equality": 0.2055555555555556,
        "consistency": null
    },
    "auc": {
        "epoch": 2200,
        "acc": 0.620253164556962,
        "roc": 0.8709884467265725,
        "parity": 0.03472222222222221,
        "equality": 0.06666666666666671,
        "consistency": null
    },
    "ar": {
        "epoch": 2200,
        "acc": 0.8227848101265822,
        "roc": 0.8536585365853658,
        "parity": 0.14880952380952384,
        "equality": 0.005555555555555536,
        "consistency": null
    },
    "best_epoch": 1600,
    "best_gnn_model": "gnn_epoch1600.pt",
    "best_ac_model": "ac_epoch1600.pt"
}