{
    "fair": {
        "epoch": 1600,
        "acc": 0.6962025316455696,
        "roc": 0.8016688061617459,
        "parity": 0.005952380952380931,
        "equality": 0.005555555555555536,
        "consistency": 0.07039931728334614
    },
    "acc": {
        "epoch": 1400,
        "acc": 0.7974683544303798,
        "roc": 0.8369704749679076,
        "parity": 0.1954365079365079,
        "equality": 0.1777777777777778,
        "consistency": null
    },
    "auc": {
        "epoch": 2200,
        "acc": 0.49367088607594933,
        "roc": 0.8645699614890885,
        "parity": 0.015873015873015872,
        "equality": 0.027777777777777776,
        "consistency": null
    },
    "ar": {
        "epoch": 1400,
        "acc": 0.7974683544303798,
        "roc": 0.8427471116816432,
        "parity": 0.16369047619047616,
        "equality": 0.15000000000000002,
        "consistency": null
    },
    "best_epoch": 1600,
    "best_gnn_model": "gnn_epoch1600.pt",
    "best_ac_model": "ac_epoch1600.pt"
}