{
    "fair": {
        "epoch": 1000,
        "acc": 0.6962025316455696,
        "roc": 0.7804878048780487,
        "parity": 0.005952380952380931,
        "equality": 0.005555555555555536,
        "consistency": 0.07039931728334614
    },
    "acc": {
        "epoch": 2200,
        "acc": 0.810126582278481,
        "roc": 0.8465982028241336,
        "parity": 0.022817460317460292,
        "equality": 0.2777777777777778,
        "consistency": null
    },
    "auc": {
        "epoch": 2200,
        "acc": 0.5063291139240507,
        "roc": 0.868421052631579,
        "parity": 0.031746031746031744,
        "equality": 0.05555555555555555,
        "consistency": null
    },
    "ar": {
        "epoch": 2200,
        "acc": 0.810126582278481,
        "roc": 0.8465982028241336,
        "parity": 0.022817460317460292,
        "equality": 0.2777777777777778,
        "consistency": null
    },
    "best_epoch": 1000,
    "best_gnn_model": "gnn_epoch1000.pt",
    "best_ac_model": "ac_epoch1000.pt"
}