{
    "fair": {
        "epoch": 2600,
        "acc": 0.6525821596244131,
        "roc": 0.7649911816578484,
        "parity": 0.0005753739930954849,
        "equality": 0.0014605647517039744,
        "consistency": 0.026404716594824573
    },
    "acc": {
        "epoch": 1000,
        "acc": 0.755868544600939,
        "roc": 0.7710758377425044,
        "parity": 0.1110471806674338,
        "equality": 0.2721518987341772,
        "consistency": null
    },
    "auc": {
        "epoch": 2600,
        "acc": 0.6619718309859155,
        "roc": 0.7853615520282188,
        "parity": 0.06743383199079403,
        "equality": 0.18597857838364168,
        "consistency": null
    },
    "ar": {
        "epoch": 2600,
        "acc": 0.755868544600939,
        "roc": 0.7774250440917108,
        "parity": 0.0857307249712313,
        "equality": 0.24683544303797467,
        "consistency": null
    },
    "best_epoch": 2600,
    "best_gnn_model": "gnn_epoch2600.pt",
    "best_ac_model": "ac_epoch2600.pt"
}