{
    "best_fair": {
        "acc": 0.6525821596244131,
        "roc": 0.7094356261022928,
        "parity": 0.0010356731875719172,
        "equality": 0.0019474196689386325
    },
    "acc": {
        "acc": 0.7417840375586855,
        "roc": 0.7524691358024692,
        "parity": 0.03279631760644419,
        "equality": 0.14410905550146058
    },
    "auc": {
        "acc": 0.5070422535211268,
        "roc": 0.782010582010582,
        "parity": 0.023705408515535098,
        "equality": 0.02531645569620253
    },
    "ar": {
        "acc": 0.7417840375586855,
        "roc": 0.7552028218694885,
        "parity": 0.020138089758342914,
        "equality": 0.13145082765335925
    }
}{
    "best_fair": {
        "acc": 0.6962025316455696,
        "roc": 0.7926829268292683,
        "parity": 0.005952380952380931,
        "equality": 0.005555555555555536
    },
    "acc": {
        "acc": 0.7848101265822784,
        "roc": 0.8029525032092426,
        "parity": 0.06944444444444442,
        "equality": 0.10555555555555562
    },
    "auc": {
        "acc": 0.4810126582278481,
        "roc": 0.8594351732991014,
        "parity": 0.0,
        "equality": 0.0
    },
    "ar": {
        "acc": 0.7848101265822784,
        "roc": 0.8029525032092426,
        "parity": 0.06944444444444442,
        "equality": 0.10555555555555562
    }
}{
    "best_fair": {
        "acc": 0.6962025316455696,
        "roc": 0.7926829268292683,
        "parity": 0.005952380952380931,
        "equality": 0.005555555555555536
    },
    "acc": {
        "acc": 0.7848101265822784,
        "roc": 0.8029525032092426,
        "parity": 0.06944444444444442,
        "equality": 0.10555555555555562
    },
    "auc": {
        "acc": 0.4810126582278481,
        "roc": 0.8594351732991014,
        "parity": 0.0,
        "equality": 0.0
    },
    "ar": {
        "acc": 0.7848101265822784,
        "roc": 0.8029525032092426,
        "parity": 0.06944444444444442,
        "equality": 0.10555555555555562
    }
}