{
    "fair": {
        "epoch": 1800,
        "acc": 0.6962025316455696,
        "roc": 0.8279845956354301,
        "parity": 0.005952380952380931,
        "equality": 0.005555555555555536,
        "consistency": 0.07039931728334614
    },
    "acc": {
        "epoch": 1800,
        "acc": 0.8227848101265822,
        "roc": 0.837612323491656,
        "parity": 0.11706349206349204,
        "equality": 0.022222222222222254,
        "consistency": null
    },
    "auc": {
        "epoch": 2400,
        "acc": 0.5443037974683544,
        "roc": 0.8703465982028241,
        "parity": 0.0009920634920634885,
        "equality": 0.0888888888888889,
        "consistency": null
    },
    "ar": {
        "epoch": 1800,
        "acc": 0.8227848101265822,
        "roc": 0.8485237483953787,
        "parity": 0.11706349206349204,
        "equality": 0.022222222222222254,
        "consistency": null
    },
    "best_epoch": 1800,
    "best_gnn_model": "gnn_epoch1800.pt",
    "best_ac_model": "ac_epoch1800.pt"
}