{
    "fair": {
        "epoch": 2799,
        "acc": 0.6500389711613406,
        "roc": 0.6920106862071598,
        "parity": 0.0002918847956268067,
        "equality": 0.0008571428571427786,
        "consistency": 0.41325847175253017
    },
    "acc": {
        "epoch": 2799,
        "acc": 0.6710833982852689,
        "roc": 0.7278161972368522,
        "parity": 0.041761047234223414,
        "equality": 0.04428571428571437,
        "consistency": null
    },
    "auc": {
        "epoch": 2600,
        "acc": 0.632112236944661,
        "roc": 0.7391246469735134,
        "parity": 0.000422358644363241,
        "equality": 0.026571428571428524,
        "consistency": null
    },
    "ar": {
        "epoch": 2799,
        "acc": 0.6683554169914263,
        "roc": 0.7349533623387527,
        "parity": 0.02444568790655377,
        "equality": 0.030857142857142916,
        "consistency": null
    },
    "best_epoch": 2799,
    "best_gnn_model": "gnn_epoch2799.pt",
    "best_ac_model": "ac_epoch2799.pt"
}