{
    "fair": {
        "epoch": 2200,
        "acc": 0.7594936708860759,
        "roc": 0.8363286264441592,
        "parity": 0.00694444444444442,
        "equality": 0.005555555555555536,
        "consistency": 0.07039931728334614
    },
    "acc": {
        "epoch": 2200,
        "acc": 0.8227848101265822,
        "roc": 0.8299101412066752,
        "parity": 0.16369047619047616,
        "equality": 0.1777777777777778,
        "consistency": null
    },
    "auc": {
        "epoch": 1000,
        "acc": 0.6075949367088608,
        "roc": 0.8491655969191271,
        "parity": 0.15873015873015872,
        "equality": 0.2777777777777778,
        "consistency": null
    },
    "ar": {
        "epoch": 2200,
        "acc": 0.8227848101265822,
        "roc": 0.8299101412066752,
        "parity": 0.16369047619047616,
        "equality": 0.1777777777777778,
        "consistency": null
    },
    "best_epoch": 2200,
    "best_gnn_model": "gnn_epoch2200.pt",
    "best_ac_model": "ac_epoch2200.pt"
}