{
    "epoch": 2815,
    "acc": 0.6572769953051644,
    "roc": 0.7677248677248678,
    "parity": 0.006559263521288883,
    "equality": 0.027263875365141188,
    "consistency": 0.026404716594824573
}