{
    "fair": {
        "epoch": 1600,
        "acc": 0.6962025316455696,
        "roc": 0.8106546854942234,
        "parity": 0.005952380952380931,
        "equality": 0.005555555555555536,
        "consistency": 0.07039931728334614
    },
    "acc": {
        "epoch": 1600,
        "acc": 0.7974683544303798,
        "roc": 0.8388960205391528,
        "parity": 0.07043650793650791,
        "equality": 0.022222222222222254,
        "consistency": null
    },
    "auc": {
        "epoch": 2200,
        "acc": 0.4810126582278481,
        "roc": 0.8786906290115533,
        "parity": 0.0,
        "equality": 0.0,
        "consistency": null
    },
    "ar": {
        "epoch": 1600,
        "acc": 0.7974683544303798,
        "roc": 0.8388960205391528,
        "parity": 0.07043650793650791,
        "equality": 0.022222222222222254,
        "consistency": null
    },
    "best_epoch": 1600,
    "best_gnn_model": "gnn_epoch1600.pt",
    "best_ac_model": "ac_epoch1600.pt"
}