{
    "fair": {
        "epoch": 1000,
        "acc": 0.6962025316455696,
        "roc": 0.8100128369704749,
        "parity": 0.005952380952380931,
        "equality": 0.005555555555555536,
        "consistency": 0.07039931728334614
    },
    "acc": {
        "epoch": 1000,
        "acc": 0.7848101265822784,
        "roc": 0.8202824133504493,
        "parity": 0.1478174603174603,
        "equality": 0.12222222222222223,
        "consistency": null
    },
    "auc": {
        "epoch": 2600,
        "acc": 0.5443037974683544,
        "roc": 0.8658536585365854,
        "parity": 0.07936507936507936,
        "equality": 0.1388888888888889,
        "consistency": null
    },
    "ar": {
        "epoch": 2600,
        "acc": 0.7848101265822784,
        "roc": 0.8498074454428755,
        "parity": 0.06944444444444442,
        "equality": 0.12222222222222223,
        "consistency": null
    },
    "best_epoch": 1000,
    "best_gnn_model": "gnn_epoch1000.pt",
    "best_ac_model": "ac_epoch1000.pt"
}