{
    "fair": {
        "epoch": 1600,
        "acc": 0.6531818181818182,
        "roc": 0.7101234862099894,
        "parity": 0.0006900924574481104,
        "equality": 0.009952786023069149,
        "consistency": 0.45970319273544913
    },
    "acc": {
        "epoch": 1600,
        "acc": 0.6931818181818182,
        "roc": 0.715465398376244,
        "parity": 0.0593974437630676,
        "equality": 0.06450584696296591,
        "consistency": null
    },
    "auc": {
        "epoch": 2200,
        "acc": 0.6854545454545454,
        "roc": 0.7198855493663513,
        "parity": 0.04496339895281504,
        "equality": 0.04192282407315173,
        "consistency": null
    },
    "ar": {
        "epoch": 1600,
        "acc": 0.6931818181818182,
        "roc": 0.715465398376244,
        "parity": 0.0593974437630676,
        "equality": 0.06450584696296591,
        "consistency": null
    },
    "best_epoch": 1600,
    "best_gnn_model": "gnn_epoch1600.pt",
    "best_ac_model": "ac_epoch1600.pt"
}