{
    "fair": {
        "epoch": 1800,
        "acc": 0.6543257989088075,
        "roc": 0.7055095030913671,
        "parity": 0.002094307035903187,
        "equality": 0.0,
        "consistency": 0.41325847175253017
    },
    "acc": {
        "epoch": 2200,
        "acc": 0.6788776305533905,
        "roc": 0.7339067246775055,
        "parity": 0.05919880986328496,
        "equality": 0.05171428571428571,
        "consistency": null
    },
    "auc": {
        "epoch": 2799,
        "acc": 0.6593920498830865,
        "roc": 0.7443389054270666,
        "parity": 0.026983875046405648,
        "equality": 0.0020000000000000018,
        "consistency": null
    },
    "ar": {
        "epoch": 2799,
        "acc": 0.6765393608729541,
        "roc": 0.739855583543241,
        "parity": 0.017096109458143438,
        "equality": 0.004285714285714337,
        "consistency": null
    },
    "best_epoch": 1800,
    "best_gnn_model": "gnn_epoch1800.pt",
    "best_ac_model": "ac_epoch1800.pt"
}