{
    "fair": {
        "epoch": 2000,
        "acc": 0.6582229150428683,
        "roc": 0.7154708800854896,
        "parity": 2.1521459585394087e-05,
        "equality": 0.00028571428571433355,
        "consistency": 0.41325847175253017
    },
    "acc": {
        "epoch": 2600,
        "acc": 0.6874512860483243,
        "roc": 0.7407910846500267,
        "parity": 0.08089782149025349,
        "equality": 0.0882857142857143,
        "consistency": null
    },
    "auc": {
        "epoch": 2799,
        "acc": 0.6753702260327358,
        "roc": 0.7452035722463934,
        "parity": 0.0545192374946869,
        "equality": 0.06257142857142861,
        "consistency": null
    },
    "ar": {
        "epoch": 2600,
        "acc": 0.6874512860483243,
        "roc": 0.7407910846500267,
        "parity": 0.08089782149025349,
        "equality": 0.0882857142857143,
        "consistency": null
    },
    "best_epoch": 2000,
    "best_gnn_model": "gnn_epoch2000.pt",
    "best_ac_model": "ac_epoch2000.pt"
}