{
    "fair": {
        "epoch": 1000,
        "acc": 0.6523772408417771,
        "roc": 0.7071863216548355,
        "parity": 0.0004250488268114361,
        "equality": 0.0,
        "consistency": 0.41325847175253017
    },
    "acc": {
        "epoch": 1200,
        "acc": 0.6769290724863601,
        "roc": 0.7330854133272269,
        "parity": 0.024455103545122425,
        "equality": 0.03514285714285714,
        "consistency": null
    },
    "auc": {
        "epoch": 2400,
        "acc": 0.656664068589244,
        "roc": 0.7394830928936723,
        "parity": 0.016876859588617288,
        "equality": 0.002571428571428558,
        "consistency": null
    },
    "ar": {
        "epoch": 2400,
        "acc": 0.6730319563522993,
        "roc": 0.7385482024272956,
        "parity": 0.05474117754666119,
        "equality": 0.05599999999999994,
        "consistency": null
    },
    "best_epoch": 1000,
    "best_gnn_model": "gnn_epoch1000.pt",
    "best_ac_model": "ac_epoch1000.pt"
}