{
    "fair": {
        "epoch": 1400,
        "acc": 0.656664068589244,
        "roc": 0.7243245553774521,
        "parity": 0.0010303398776505546,
        "equality": 0.0,
        "consistency": 0.41325847175253017
    },
    "acc": {
        "epoch": 2400,
        "acc": 0.6796570537802027,
        "roc": 0.7305048469582475,
        "parity": 0.046762096405378206,
        "equality": 0.04228571428571426,
        "consistency": null
    },
    "auc": {
        "epoch": 2400,
        "acc": 0.6582229150428683,
        "roc": 0.7445001144950767,
        "parity": 0.0336299707846186,
        "equality": 0.03114285714285714,
        "consistency": null
    },
    "ar": {
        "epoch": 2400,
        "acc": 0.6738113795791114,
        "roc": 0.7429448133730249,
        "parity": 0.0527840698156149,
        "equality": 0.03857142857142848,
        "consistency": null
    },
    "best_epoch": 1400,
    "best_gnn_model": "gnn_epoch1400.pt",
    "best_ac_model": "ac_epoch1400.pt"
}