{
    "fair": {
        "epoch": 2200,
        "acc": 0.6618181818181819,
        "roc": 0.7162100887339933,
        "parity": 0.004310509855995792,
        "equality": 0.002633623523318196,
        "consistency": 0.45928603920302125
    },
    "acc": {
        "epoch": 1800,
        "acc": 0.6977272727272728,
        "roc": 0.7316268340068643,
        "parity": 0.06674099868238098,
        "equality": 0.09420881725999564,
        "consistency": null
    },
    "auc": {
        "epoch": 1800,
        "acc": 0.6831818181818182,
        "roc": 0.736089184117244,
        "parity": 0.07121772837251172,
        "equality": 0.11071577982747971,
        "consistency": null
    },
    "ar": {
        "epoch": 1800,
        "acc": 0.6972727272727273,
        "roc": 0.7325998960743234,
        "parity": 0.059379701196502654,
        "equality": 0.09414905273223506,
        "consistency": null
    },
    "best_epoch": 2200,
    "best_gnn_model": "gnn_epoch2200.pt",
    "best_ac_model": "ac_epoch2200.pt"
}