{
    "epoch": 1094,
    "acc": 0.6666666666666666,
    "roc": 0.7694003527336861,
    "parity": 0.004487917146144937,
    "equality": 0.0019474196689386325,
    "consistency": 0.026404716594824573
}