{
    "fair": {
        "epoch": 1000,
        "acc": 0.6713615023474179,
        "roc": 0.7617283950617284,
        "parity": 0.00023014959723821615,
        "equality": 0.0014605647517039744,
        "consistency": 0.026404716594824573
    },
    "acc": {
        "epoch": 2600,
        "acc": 0.755868544600939,
        "roc": 0.7688712522045856,
        "parity": 0.02566168009205988,
        "equality": 0.13145082765335925,
        "consistency": null
    },
    "auc": {
        "epoch": 2600,
        "acc": 0.5915492957746479,
        "roc": 0.7741622574955908,
        "parity": 0.0570771001150748,
        "equality": 0.1626095423563778,
        "consistency": null
    },
    "ar": {
        "epoch": 2600,
        "acc": 0.755868544600939,
        "roc": 0.7688712522045856,
        "parity": 0.02566168009205988,
        "equality": 0.13145082765335925,
        "consistency": null
    },
    "best_epoch": 1000,
    "best_gnn_model": "gnn_epoch1000.pt",
    "best_ac_model": "ac_epoch1000.pt"
}