{
    "best_fair": {
        "acc": 0.6835443037974683,
        "roc": 0.779204107830552,
        "parity": 0.009920634920634885,
        "equality": 0.005555555555555536
    },
    "acc": {
        "acc": 0.7594936708860759,
        "roc": 0.8189987163029524,
        "parity": 0.2093253968253968,
        "equality": 0.23888888888888882
    },
    "auc": {
        "acc": 0.4810126582278481,
        "roc": 0.8350449293966624,
        "parity": 0.0,
        "equality": 0.0
    },
    "ar": {
        "acc": 0.7594936708860759,
        "roc": 0.8189987163029524,
        "parity": 0.2093253968253968,
        "equality": 0.23888888888888882
    }
}