{
    "fair": {
        "epoch": 1200,
        "acc": 0.6525821596244131,
        "roc": 0.7357142857142858,
        "parity": 0.0005753739930954849,
        "equality": 0.0014605647517039744,
        "consistency": 0.026404716594824573
    },
    "acc": {
        "epoch": 1600,
        "acc": 0.7511737089201878,
        "roc": 0.7798941798941799,
        "parity": 0.028078250863060927,
        "equality": 0.11830574488802337,
        "consistency": null
    },
    "auc": {
        "epoch": 1600,
        "acc": 0.5586854460093896,
        "roc": 0.7857142857142857,
        "parity": 0.026812428078250863,
        "equality": 0.0365141187925998,
        "consistency": null
    },
    "ar": {
        "epoch": 1600,
        "acc": 0.7511737089201878,
        "roc": 0.7798941798941799,
        "parity": 0.028078250863060927,
        "equality": 0.11830574488802337,
        "consistency": null
    },
    "best_epoch": 1200,
    "best_gnn_model": "gnn_epoch1200.pt",
    "best_ac_model": "ac_epoch1200.pt"
}