{
    "epoch": 1348,
    "acc": 0.6525821596244131,
    "roc": 0.7332451499118166,
    "parity": 0.012428078250863006,
    "equality": 0.03992210321324241,
    "consistency": 0.026404716594824573
}