{
    "acc": 0.6414653156664069,
    "roc": 0.7044624535860856,
    "parity": 0.0016166186754422163,
    "equality": 0.039733604774990994
}