{
    "best_fair": {
        "acc": 0.6835443037974683,
        "roc": 0.7759948652118099,
        "parity": 0.009920634920634885,
        "equality": 0.005555555555555536
    },
    "acc": {
        "acc": 0.7594936708860759,
        "roc": 0.7862644415917844,
        "parity": 0.14980158730158732,
        "equality": 0.005555555555555536
    },
    "auc": {
        "acc": 0.6455696202531646,
        "roc": 0.8356867779204108,
        "parity": 0.15873015873015872,
        "equality": 0.0
    },
    "ar": {
        "acc": 0.7594936708860759,
        "roc": 0.7862644415917844,
        "parity": 0.14980158730158732,
        "equality": 0.005555555555555536
    }
}