{
    "fair": {
        "epoch": 2000,
        "acc": 0.6525821596244131,
        "roc": 0.7366843033509699,
        "parity": 0.0005753739930954849,
        "equality": 0.0014605647517039744,
        "consistency": 0.026404716594824573
    },
    "acc": {
        "epoch": 1000,
        "acc": 0.7417840375586855,
        "roc": 0.769753086419753,
        "parity": 0.04626006904487917,
        "equality": 0.1309639727361246,
        "consistency": null
    },
    "auc": {
        "epoch": 1200,
        "acc": 0.5774647887323944,
        "roc": 0.7850970017636684,
        "parity": 0.023014959723820477,
        "equality": 0.08714703018500486,
        "consistency": null
    },
    "ar": {
        "epoch": 1000,
        "acc": 0.7417840375586855,
        "roc": 0.769753086419753,
        "parity": 0.04626006904487917,
        "equality": 0.1309639727361246,
        "consistency": null
    },
    "best_epoch": 2000,
    "best_gnn_model": "gnn_epoch2000.pt",
    "best_ac_model": "ac_epoch2000.pt"
}