{
    "fair": {
        "epoch": 1200,
        "acc": 0.6572769953051644,
        "roc": 0.7335097001763667,
        "parity": 0.0020713463751438344,
        "equality": 0.015579357351509171,
        "consistency": 0.026404716594824573
    },
    "acc": {
        "epoch": 1600,
        "acc": 0.7136150234741784,
        "roc": 0.7438271604938271,
        "parity": 0.11657077100115076,
        "equality": 0.24732229795520932,
        "consistency": null
    },
    "auc": {
        "epoch": 1200,
        "acc": 0.5821596244131455,
        "roc": 0.766225749559083,
        "parity": 0.005638665132336018,
        "equality": 0.07400194741966892,
        "consistency": null
    },
    "ar": {
        "epoch": 1600,
        "acc": 0.7136150234741784,
        "roc": 0.7457671957671959,
        "parity": 0.10391254315304949,
        "equality": 0.2346640701071081,
        "consistency": null
    },
    "best_epoch": 1200,
    "best_gnn_model": "gnn_epoch1200.pt",
    "best_ac_model": "ac_epoch1200.pt"
}