{
    "fair": {
        "epoch": 1400,
        "acc": 0.6666666666666666,
        "roc": 0.7425925925925926,
        "parity": 0.0028768699654775354,
        "equality": 0.0024342745861732906,
        "consistency": 0.026404716594824573
    },
    "acc": {
        "epoch": 2200,
        "acc": 0.7511737089201878,
        "roc": 0.7731922398589066,
        "parity": 0.03118527042577679,
        "equality": 0.15725413826679657,
        "consistency": null
    },
    "auc": {
        "epoch": 2200,
        "acc": 0.5727699530516432,
        "roc": 0.7807760141093475,
        "parity": 0.04280782508630611,
        "equality": 0.12512171372930866,
        "consistency": null
    },
    "ar": {
        "epoch": 2200,
        "acc": 0.7511737089201878,
        "roc": 0.7731922398589066,
        "parity": 0.03118527042577679,
        "equality": 0.15725413826679657,
        "consistency": null
    },
    "best_epoch": 1400,
    "best_gnn_model": "gnn_epoch1400.pt",
    "best_ac_model": "ac_epoch1400.pt"
}