{
    "fair": {
        "epoch": 1400,
        "acc": 0.6962025316455696,
        "roc": 0.7721437740693197,
        "parity": 0.005952380952380931,
        "equality": 0.005555555555555536,
        "consistency": 0.07039931728334614
    },
    "acc": {
        "epoch": 2799,
        "acc": 0.7974683544303798,
        "roc": 0.8016688061617459,
        "parity": 0.07043650793650791,
        "equality": 0.022222222222222254,
        "consistency": null
    },
    "auc": {
        "epoch": 1000,
        "acc": 0.620253164556962,
        "roc": 0.8241335044929397,
        "parity": 0.09623015873015872,
        "equality": 0.07777777777777778,
        "consistency": null
    },
    "ar": {
        "epoch": 2799,
        "acc": 0.7974683544303798,
        "roc": 0.8029525032092425,
        "parity": 0.07043650793650791,
        "equality": 0.022222222222222254,
        "consistency": null
    },
    "best_epoch": 1400,
    "best_gnn_model": "gnn_epoch1400.pt",
    "best_ac_model": "ac_epoch1400.pt"
}