{
    "fair": {
        "epoch": 1000,
        "acc": 0.6597817614964926,
        "roc": 0.7158763453171514,
        "parity": 0.0003026455254195315,
        "equality": 0.0,
        "consistency": 0.41325847175253017
    },
    "acc": {
        "epoch": 2600,
        "acc": 0.6800467653936088,
        "roc": 0.7392138004732463,
        "parity": 0.06205578362324532,
        "equality": 0.055714285714285716,
        "consistency": null
    },
    "auc": {
        "epoch": 1600,
        "acc": 0.6586126266562744,
        "roc": 0.7468516907106328,
        "parity": 0.05380902932836906,
        "equality": 0.05485714285714288,
        "consistency": null
    },
    "ar": {
        "epoch": 2600,
        "acc": 0.6765393608729541,
        "roc": 0.7445715594229448,
        "parity": 0.06402903244898067,
        "equality": 0.057428571428571384,
        "consistency": null
    },
    "best_epoch": 1000,
    "best_gnn_model": "gnn_epoch1000.pt",
    "best_ac_model": "ac_epoch1000.pt"
}