{
    "fair": {
        "epoch": 2200,
        "acc": 0.6525821596244131,
        "roc": 0.7342151675485009,
        "parity": 0.0005753739930954849,
        "equality": 0.0014605647517039744,
        "consistency": 0.026404716594824573
    },
    "acc": {
        "epoch": 2600,
        "acc": 0.7370892018779343,
        "roc": 0.7589065255731924,
        "parity": 0.086536248561565,
        "equality": 0.14459591041869524,
        "consistency": null
    },
    "auc": {
        "epoch": 2000,
        "acc": 0.5962441314553991,
        "roc": 0.7691358024691357,
        "parity": 0.025431530494821636,
        "equality": 0.035053554040895774,
        "consistency": null
    },
    "ar": {
        "epoch": 2600,
        "acc": 0.7370892018779343,
        "roc": 0.7589065255731924,
        "parity": 0.086536248561565,
        "equality": 0.14459591041869524,
        "consistency": null
    },
    "best_epoch": 2200,
    "best_gnn_model": "gnn_epoch2200.pt",
    "best_ac_model": "ac_epoch2200.pt"
}