{
    "best_fair": {
        "acc": 0.6582278481012658,
        "roc": 0.7978177150192555,
        "parity": 0.05059523809523808,
        "equality": 0.011111111111111127
    },
    "acc": {
        "acc": 0.7594936708860759,
        "roc": 0.8055198973042362,
        "parity": 0.1964285714285714,
        "equality": 0.2055555555555556
    },
    "auc": {
        "acc": 0.4810126582278481,
        "roc": 0.8459563543003852,
        "parity": 0.0,
        "equality": 0.0
    },
    "ar": {
        "acc": 0.7594936708860759,
        "roc": 0.806803594351733,
        "parity": 0.1964285714285714,
        "equality": 0.2055555555555556
    }
}{
    "best_fair": {
        "epoch": 2200,
        "acc": 0.7594936708860759,
        "roc": 0.806803594351733,
        "parity": 0.00694444444444442,
        "equality": 0.005555555555555536,
        "consistency": -76.99999999999999
    },
    "acc": {
        "epoch": 1000,
        "acc": 0.7721518987341772,
        "roc": 0.7875481386392811,
        "parity": 0.1339285714285714,
        "equality": 0.005555555555555536,
        "consistency": -76.99999999999999
    },
    "auc": {
        "epoch": 2200,
        "acc": 0.6455696202531646,
        "roc": 0.8157894736842106,
        "parity": 0.0029761904761904656,
        "equality": 0.06666666666666671,
        "consistency": -76.99999999999999
    },
    "ar": {
        "epoch": 2200,
        "acc": 0.7721518987341772,
        "roc": 0.8106546854942234,
        "parity": 0.04067460317460314,
        "equality": 0.061111111111111116,
        "consistency": -76.99999999999999
    }
}{
    "best_fair": {
        "epoch": 1200,
        "acc": 0.6962025316455696,
        "roc": 0.797175866495507,
        "parity": 0.005952380952380931,
        "equality": 0.005555555555555536,
        "consistency": -76.99999999999999
    },
    "acc": {
        "epoch": 2000,
        "acc": 0.7721518987341772,
        "roc": 0.8132220795892169,
        "parity": 0.21230158730158732,
        "equality": 0.2333333333333334,
        "consistency": -76.99999999999999
    },
    "auc": {
        "epoch": 2200,
        "acc": 0.5949367088607594,
        "roc": 0.8440308087291399,
        "parity": 0.09623015873015872,
        "equality": 0.04999999999999999,
        "consistency": -76.99999999999999
    },
    "ar": {
        "epoch": 2200,
        "acc": 0.7721518987341772,
        "roc": 0.824775353016688,
        "parity": 0.06845238095238093,
        "equality": 0.03888888888888886,
        "consistency": -76.99999999999999
    }
}{
    "best_fair": {
        "epoch": 2799,
        "acc": 0.6708860759493671,
        "roc": 0.7817715019255456,
        "parity": 0.005952380952380931,
        "equality": 0.022222222222222254,
        "consistency": -401.0000000000001
    },
    "acc": {
        "epoch": 1000,
        "acc": 0.7594936708860759,
        "roc": 0.7804878048780487,
        "parity": 0.2748015873015873,
        "equality": 0.43333333333333335,
        "consistency": -401.0000000000001
    },
    "auc": {
        "epoch": 2799,
        "acc": 0.4810126582278481,
        "roc": 0.8299101412066753,
        "parity": 0.0,
        "equality": 0.0,
        "consistency": -401.0000000000001
    },
    "ar": {
        "epoch": 1000,
        "acc": 0.7594936708860759,
        "roc": 0.7824133504492939,
        "parity": 0.2748015873015873,
        "equality": 0.43333333333333335,
        "consistency": -401.0000000000001
    }
}