{
    "fair": {
        "epoch": 2200,
        "acc": 0.6525821596244131,
        "roc": 0.735626102292769,
        "parity": 0.0005753739930954849,
        "equality": 0.0014605647517039744,
        "consistency": 0.026404716594824573
    },
    "acc": {
        "epoch": 2600,
        "acc": 0.7370892018779343,
        "roc": 0.7589947089947091,
        "parity": 0.09919447640966628,
        "equality": 0.15725413826679657,
        "consistency": null
    },
    "auc": {
        "epoch": 2000,
        "acc": 0.5446009389671361,
        "roc": 0.7713403880070546,
        "parity": 0.02692750287686997,
        "equality": 0.07546251217137293,
        "consistency": null
    },
    "ar": {
        "epoch": 2600,
        "acc": 0.7370892018779343,
        "roc": 0.7589947089947091,
        "parity": 0.09919447640966628,
        "equality": 0.15725413826679657,
        "consistency": null
    },
    "best_epoch": 2200,
    "best_gnn_model": "gnn_epoch2200.pt",
    "best_ac_model": "ac_epoch2200.pt"
}