{
    "fair": {
        "epoch": 1800,
        "acc": 0.6525821596244131,
        "roc": 0.7415343915343915,
        "parity": 0.0005753739930954849,
        "equality": 0.0014605647517039744,
        "consistency": 0.026404716594824573
    },
    "acc": {
        "epoch": 1000,
        "acc": 0.7370892018779343,
        "roc": 0.7596119929453263,
        "parity": 0.05097813578826238,
        "equality": 0.08033106134371959,
        "consistency": null
    },
    "auc": {
        "epoch": 1200,
        "acc": 0.511737089201878,
        "roc": 0.7776014109347442,
        "parity": 0.005523590333716915,
        "equality": 0.02531645569620253,
        "consistency": null
    },
    "ar": {
        "epoch": 1000,
        "acc": 0.7370892018779343,
        "roc": 0.7596119929453263,
        "parity": 0.05097813578826238,
        "equality": 0.08033106134371959,
        "consistency": null
    },
    "best_epoch": 1800,
    "best_gnn_model": "gnn_epoch1800.pt",
    "best_ac_model": "ac_epoch1800.pt"
}