{
    "fair": {
        "epoch": 1000,
        "acc": 0.6508183943881528,
        "roc": 0.7257992519654988,
        "parity": 0.0005313110335142812,
        "equality": 0.0,
        "consistency": 0.41325847175253017
    },
    "acc": {
        "epoch": 1600,
        "acc": 0.686282151208106,
        "roc": 0.7436775818639798,
        "parity": 0.07094818170568329,
        "equality": 0.08942857142857141,
        "consistency": null
    },
    "auc": {
        "epoch": 1600,
        "acc": 0.6745908028059237,
        "roc": 0.7473548584077552,
        "parity": 0.02996997756387837,
        "equality": 0.03514285714285714,
        "consistency": null
    },
    "ar": {
        "epoch": 1600,
        "acc": 0.6851130163678878,
        "roc": 0.746644683611938,
        "parity": 0.06265031394429171,
        "equality": 0.0802857142857143,
        "consistency": null
    },
    "best_epoch": 1000,
    "best_gnn_model": "gnn_epoch1000.pt",
    "best_ac_model": "ac_epoch1000.pt"
}