{
    "fair": {
        "epoch": 1400,
        "acc": 0.6632891660171473,
        "roc": 0.6989628272650943,
        "parity": 5.5148740187527245e-05,
        "equality": 0.0040000000000000036,
        "consistency": 0.41325847175253017
    },
    "acc": {
        "epoch": 2000,
        "acc": 0.6847233047544817,
        "roc": 0.7386910922830319,
        "parity": 0.1069899010550896,
        "equality": 0.0862857142857143,
        "consistency": null
    },
    "auc": {
        "epoch": 2000,
        "acc": 0.6656274356975838,
        "roc": 0.7431072437218533,
        "parity": 0.06156348023522956,
        "equality": 0.05542857142857144,
        "consistency": null
    },
    "ar": {
        "epoch": 2000,
        "acc": 0.6839438815276695,
        "roc": 0.7399984733989773,
        "parity": 0.10676796100311525,
        "equality": 0.0942857142857143,
        "consistency": null
    },
    "best_epoch": 1400,
    "best_gnn_model": "gnn_epoch1400.pt",
    "best_ac_model": "ac_epoch1400.pt"
}