{
    "fair": {
        "epoch": 1400,
        "acc": 0.6962025316455696,
        "roc": 0.7913992297817716,
        "parity": 0.005952380952380931,
        "equality": 0.005555555555555536,
        "consistency": 0.07039931728334614
    },
    "acc": {
        "epoch": 1600,
        "acc": 0.7974683544303798,
        "roc": 0.821566110397946,
        "parity": 0.10218253968253965,
        "equality": 0.005555555555555536,
        "consistency": null
    },
    "auc": {
        "epoch": 1800,
        "acc": 0.5063291139240507,
        "roc": 0.8754813863928113,
        "parity": 0.04662698412698413,
        "equality": 0.17222222222222222,
        "consistency": null
    },
    "ar": {
        "epoch": 1800,
        "acc": 0.7974683544303798,
        "roc": 0.8491655969191271,
        "parity": 0.13194444444444442,
        "equality": 0.12222222222222223,
        "consistency": null
    },
    "best_epoch": 1400,
    "best_gnn_model": "gnn_epoch1400.pt",
    "best_ac_model": "ac_epoch1400.pt"
}