{
    "fair": {
        "epoch": 2000,
        "acc": 0.6590023382696805,
        "roc": 0.7219974047782612,
        "parity": 0.0002111793221816205,
        "equality": 0.0002857142857142225,
        "consistency": 0.41325847175253017
    },
    "acc": {
        "epoch": 2600,
        "acc": 0.6823850350740452,
        "roc": 0.7363731012899778,
        "parity": 0.052973727678211124,
        "equality": 0.07114285714285717,
        "consistency": null
    },
    "auc": {
        "epoch": 2400,
        "acc": 0.6757599376461418,
        "roc": 0.741653919548126,
        "parity": 0.03371067625806384,
        "equality": 0.02942857142857147,
        "consistency": null
    },
    "ar": {
        "epoch": 2400,
        "acc": 0.6796570537802027,
        "roc": 0.7403172276925425,
        "parity": 0.0405074222133745,
        "equality": 0.04342857142857143,
        "consistency": null
    },
    "best_epoch": 2000,
    "best_gnn_model": "gnn_epoch2000.pt",
    "best_ac_model": "ac_epoch2000.pt"
}