{
    "fair": {
        "epoch": 2799,
        "acc": 0.6713615023474179,
        "roc": 0.7440917107583773,
        "parity": 0.00023014959723821615,
        "equality": 0.0014605647517039744,
        "consistency": 0.026404716594824573
    },
    "acc": {
        "epoch": 1400,
        "acc": 0.7464788732394366,
        "roc": 0.7626102292768959,
        "parity": 0.039930955120828504,
        "equality": 0.07984420642648493,
        "consistency": null
    },
    "auc": {
        "epoch": 2600,
        "acc": 0.5586854460093896,
        "roc": 0.7811287477954145,
        "parity": 0.0023014959723820505,
        "equality": 0.0365141187925998,
        "consistency": null
    },
    "ar": {
        "epoch": 2600,
        "acc": 0.7464788732394366,
        "roc": 0.7708112874779541,
        "parity": 0.051783659378596136,
        "equality": 0.11830574488802337,
        "consistency": null
    },
    "best_epoch": 2799,
    "best_gnn_model": "gnn_epoch2799.pt",
    "best_ac_model": "ac_epoch2799.pt"
}