{
    "fair": {
        "epoch": 2000,
        "acc": 0.6713615023474179,
        "roc": 0.7271604938271605,
        "parity": 0.0018411967779056182,
        "equality": 0.0019474196689386325,
        "consistency": 0.026404716594824573
    },
    "acc": {
        "epoch": 2799,
        "acc": 0.7511737089201878,
        "roc": 0.775573192239859,
        "parity": 0.05408515535097813,
        "equality": 0.15774099318403123,
        "consistency": null
    },
    "auc": {
        "epoch": 2600,
        "acc": 0.5164319248826291,
        "roc": 0.7894179894179895,
        "parity": 0.012658227848101266,
        "equality": 0.02531645569620253,
        "consistency": null
    },
    "ar": {
        "epoch": 2799,
        "acc": 0.7511737089201878,
        "roc": 0.775573192239859,
        "parity": 0.05408515535097813,
        "equality": 0.15774099318403123,
        "consistency": null
    },
    "best_epoch": 2000,
    "best_gnn_model": "gnn_epoch2000.pt",
    "best_ac_model": "ac_epoch2000.pt"
}