{
    "acc": 0.65705378020265,
    "roc": 0.7137488741317457,
    "parity": 0.004228966808528967,
    "equality": 0.02485714285714291
}{
    "acc": 0.65705378020265,
    "roc": 0.7180221357148311,
    "parity": 0.02412824637766936,
    "equality": 0.041714285714285704
}{
    "acc": 0.6356196414653157,
    "roc": 0.7016916650381083,
    "parity": 0.003362128068010395,
    "equality": 0.038222025797927994
}