{
    "fair": {
        "epoch": 1600,
        "acc": 0.6962025316455696,
        "roc": 0.8125802310654686,
        "parity": 0.005952380952380931,
        "equality": 0.005555555555555536,
        "consistency": 0.07039931728334614
    },
    "acc": {
        "epoch": 1600,
        "acc": 0.7974683544303798,
        "roc": 0.8189987163029525,
        "parity": 0.1954365079365079,
        "equality": 0.1777777777777778,
        "consistency": null
    },
    "auc": {
        "epoch": 2000,
        "acc": 0.7468354430379747,
        "roc": 0.8440308087291399,
        "parity": 0.05357142857142855,
        "equality": 0.06666666666666665,
        "consistency": null
    },
    "ar": {
        "epoch": 2200,
        "acc": 0.7974683544303798,
        "roc": 0.8356867779204108,
        "parity": 0.14880952380952384,
        "equality": 0.022222222222222254,
        "consistency": null
    },
    "best_epoch": 1600,
    "best_gnn_model": "gnn_epoch1600.pt",
    "best_ac_model": "ac_epoch1600.pt"
}