{
    "best_fair": {
        "acc": 0.7341772151898734,
        "roc": 0.8273427471116817,
        "parity": 0.29166666666666663,
        "equality": 0.2611111111111112
    },
    "acc": {
        "acc": 0.7341772151898734,
        "roc": 0.8209242618741976,
        "parity": 0.29166666666666663,
        "equality": 0.2611111111111112
    },
    "auc": {
        "acc": 0.7341772151898734,
        "roc": 0.8273427471116817,
        "parity": 0.29166666666666663,
        "equality": 0.2611111111111112
    },
    "ar": {
        "acc": 0.7341772151898734,
        "roc": 0.8273427471116817,
        "parity": 0.29166666666666663,
        "equality": 0.2611111111111112
    }
}