{
    "best_fair": {
        "acc": 0.7341772151898734,
        "roc": 0.8273427471116817,
        "parity": 0.29166666666666663,
        "equality": 0.2611111111111112
    },
    "acc": {
        "acc": 0.7341772151898734,
        "roc": 0.8209242618741976,
        "parity": 0.29166666666666663,
        "equality": 0.2611111111111112
    },
    "auc": {
        "acc": 0.7341772151898734,
        "roc": 0.8273427471116817,
        "parity": 0.29166666666666663,
        "equality": 0.2611111111111112
    },
    "ar": {
        "acc": 0.7341772151898734,
        "roc": 0.8273427471116817,
        "parity": 0.29166666666666663,
        "equality": 0.2611111111111112
    }
}{
    "acc": 0.7721518987341772,
    "roc": 0.8504492939666238,
    "parity": 0.2589285714285714,
    "equality": 0.2055555555555556
}{
    "acc": 0.7721518987341772,
    "roc": 0.8504492939666238,
    "parity": 0.2589285714285714,
    "equality": 0.2055555555555556
}{
    "acc": 0.7721518987341772,
    "roc": 0.8504492939666238,
    "parity": 0.2589285714285714,
    "equality": 0.2055555555555556
}{
    "acc": 0.7721518987341772,
    "roc": 0.8504492939666238,
    "parity": 0.2589285714285714,
    "equality": 0.2055555555555556
}{
    "acc": 0.7721518987341772,
    "roc": 0.8504492939666238,
    "parity": 0.2589285714285714,
    "equality": 0.2055555555555556
}{
    "acc": 0.7721518987341772,
    "roc": 0.8504492939666238,
    "parity": 0.24404761904761907,
    "equality": 0.2611111111111112
}{
    "acc": 0.7721518987341772,
    "roc": 0.8504492939666238,
    "parity": 0.24404761904761907,
    "equality": 0.2611111111111112
}{
    "acc": 0.6962025316455696,
    "roc": 0.834403080872914,
    "parity": 0.010912698412698374,
    "equality": 0.0888888888888888
}{
    "acc": 0.7468354430379747,
    "roc": 0.8344030808729139,
    "parity": 0.2757936507936508,
    "equality": 0.2611111111111112
}{
    "acc": 0.7468354430379747,
    "roc": 0.8376123234916559,
    "parity": 0.18253968253968256,
    "equality": 0.0888888888888888
}{
    "acc": 0.7468354430379747,
    "roc": 0.8376123234916559,
    "parity": 0.18253968253968256,
    "equality": 0.0888888888888888
}{
    "acc": 0.7468354430379747,
    "roc": 0.8376123234916559,
    "parity": 0.18253968253968256,
    "equality": 0.0888888888888888
}{
    "acc": 0.7468354430379747,
    "roc": 0.8440308087291398,
    "parity": 0.1507936507936508,
    "equality": 0.061111111111111116
}{
    "acc": 0.7341772151898734,
    "roc": 0.8388960205391527,
    "parity": 0.004960317460317443,
    "equality": 0.11111111111111116
}{
    "acc": 0.7215189873417721,
    "roc": 0.7894736842105263,
    "parity": 0.023809523809523836,
    "equality": 0.07777777777777783
}{
    "acc": 0.7088607594936709,
    "roc": 0.7743589743589744,
    "parity": 0.0749601275917065,
    "equality": 0.033333333333333326
}{
    "acc": 0.6708860759493671,
    "roc": 0.7243589743589743,
    "parity": 0.00797448165869219,
    "equality": 0.06666666666666665
}{
    "acc": 0.6329113924050633,
    "roc": 0.7115384615384616,
    "parity": 0.04465709728867623,
    "equality": 0.03333333333333338
}{
    "acc": 0.6708860759493671,
    "roc": 0.7243589743589743,
    "parity": 0.00797448165869219,
    "equality": 0.06666666666666665
}{
    "acc": 0.6708860759493671,
    "roc": 0.7243589743589743,
    "parity": 0.00797448165869219,
    "equality": 0.06666666666666665
}{
    "acc": 0.6708860759493671,
    "roc": 0.7243589743589743,
    "parity": 0.00797448165869219,
    "equality": 0.06666666666666665
}