{
    "epoch": 2429,
    "acc": 0.6572769953051644,
    "roc": 0.7815255731922398,
    "parity": 0.0060989643268124505,
    "equality": 0.011197663096397248,
    "consistency": 0.026404716594824573
}