{
    "epoch": 2842,
    "acc": 0.6666666666666666,
    "roc": 0.7828924162257496,
    "parity": 0.0060989643268124505,
    "equality": 0.0014605647517039744,
    "consistency": 0.026404716594824573
}