{
    "epoch": 872,
    "acc": 0.7230046948356808,
    "roc": 0.7881834215167549,
    "parity": 0.0004602991944764323,
    "equality": 0.0024342745861732906,
    "consistency": 0.026404716594824573
}