{
    "fair": {
        "epoch": 1800,
        "acc": 0.7341772151898734,
        "roc": 0.7843388960205392,
        "parity": 0.024801587301587324,
        "equality": 0.005555555555555536,
        "consistency": 0.07039931728334614
    },
    "acc": {
        "epoch": 2200,
        "acc": 0.810126582278481,
        "roc": 0.8465982028241335,
        "parity": 0.1329365079365079,
        "equality": 0.2055555555555556,
        "consistency": null
    },
    "auc": {
        "epoch": 2200,
        "acc": 0.5949367088607594,
        "roc": 0.8658536585365855,
        "parity": 0.01785714285714285,
        "equality": 0.04999999999999999,
        "consistency": null
    },
    "ar": {
        "epoch": 2200,
        "acc": 0.810126582278481,
        "roc": 0.8517329910141207,
        "parity": 0.1329365079365079,
        "equality": 0.2055555555555556,
        "consistency": null
    },
    "best_epoch": 1800,
    "best_gnn_model": "gnn_epoch1800.pt",
    "best_ac_model": "ac_epoch1800.pt"
}