{
    "fair": {
        "epoch": 2000,
        "acc": 0.6562743569758379,
        "roc": 0.7215723990535073,
        "parity": 0.00016275603811449768,
        "equality": 0.0,
        "consistency": 0.41325847175253017
    },
    "acc": {
        "epoch": 1000,
        "acc": 0.6796570537802027,
        "roc": 0.7321920464086711,
        "parity": 0.05179139249223885,
        "equality": 0.0594285714285715,
        "consistency": null
    },
    "auc": {
        "epoch": 2600,
        "acc": 0.6683554169914263,
        "roc": 0.7445269826730785,
        "parity": 0.04539548372170604,
        "equality": 0.051428571428571435,
        "consistency": null
    },
    "ar": {
        "epoch": 2600,
        "acc": 0.6769290724863601,
        "roc": 0.7404503473017326,
        "parity": 0.0682647247136301,
        "equality": 0.0774285714285714,
        "consistency": null
    },
    "best_epoch": 2000,
    "best_gnn_model": "gnn_epoch2000.pt",
    "best_ac_model": "ac_epoch2000.pt"
}