{
    "fair": {
        "epoch": 1800,
        "acc": 0.6962025316455696,
        "roc": 0.7766367137355584,
        "parity": 0.005952380952380931,
        "equality": 0.005555555555555536,
        "consistency": 0.07039931728334614
    },
    "acc": {
        "epoch": 2799,
        "acc": 0.810126582278481,
        "roc": 0.8157894736842105,
        "parity": 0.16468253968253965,
        "equality": 0.005555555555555536,
        "consistency": null
    },
    "auc": {
        "epoch": 1000,
        "acc": 0.5443037974683544,
        "roc": 0.8658536585365854,
        "parity": 0.0009920634920634885,
        "equality": 0.0888888888888889,
        "consistency": null
    },
    "ar": {
        "epoch": 1000,
        "acc": 0.7974683544303798,
        "roc": 0.8459563543003851,
        "parity": 0.16369047619047616,
        "equality": 0.15000000000000002,
        "consistency": null
    },
    "best_epoch": 1800,
    "best_gnn_model": "gnn_epoch1800.pt",
    "best_ac_model": "ac_epoch1800.pt"
}