{
    "fair": {
        "epoch": 1600,
        "acc": 0.6962025316455696,
        "roc": 0.824775353016688,
        "parity": 0.005952380952380931,
        "equality": 0.005555555555555536,
        "consistency": 0.07039931728334614
    },
    "acc": {
        "epoch": 1000,
        "acc": 0.8227848101265822,
        "roc": 0.8523748395378691,
        "parity": 0.08531746031746029,
        "equality": 0.050000000000000044,
        "consistency": null
    },
    "auc": {
        "epoch": 2200,
        "acc": 0.4810126582278481,
        "roc": 0.8613607188703466,
        "parity": 0.0,
        "equality": 0.0,
        "consistency": null
    },
    "ar": {
        "epoch": 1000,
        "acc": 0.8227848101265822,
        "roc": 0.8523748395378691,
        "parity": 0.08531746031746029,
        "equality": 0.050000000000000044,
        "consistency": null
    },
    "best_epoch": 1600,
    "best_gnn_model": "gnn_epoch1600.pt",
    "best_ac_model": "ac_epoch1600.pt"
}