{
    "fair": {
        "epoch": 2600,
        "acc": 0.6586363636363637,
        "roc": 0.7239598330569705,
        "parity": 0.04031391269349904,
        "equality": 0.0466800804828974,
        "consistency": 0.45928603920302125
    },
    "acc": {
        "epoch": 1200,
        "acc": 0.6977272727272728,
        "roc": 0.7327662102542207,
        "parity": 0.08304735117488471,
        "equality": 0.11235731218997153,
        "consistency": null
    },
    "auc": {
        "epoch": 2600,
        "acc": 0.6909090909090909,
        "roc": 0.7373832904722661,
        "parity": 0.05851871980845502,
        "equality": 0.09536028049485029,
        "consistency": null
    },
    "ar": {
        "epoch": 1200,
        "acc": 0.6977272727272728,
        "roc": 0.7327662102542207,
        "parity": 0.08304735117488471,
        "equality": 0.11235731218997153,
        "consistency": null
    },
    "best_epoch": 2600,
    "best_gnn_model": "gnn_epoch2600.pt",
    "best_ac_model": "ac_epoch2600.pt"
}