{
    "fair": {
        "epoch": 2600,
        "acc": 0.6586126266562744,
        "roc": 0.7143503549347379,
        "parity": 0.00026767315359327304,
        "equality": 0.0,
        "consistency": 0.41325847175253017
    },
    "acc": {
        "epoch": 2600,
        "acc": 0.6800467653936088,
        "roc": 0.7334920998397069,
        "parity": 0.0318571405512722,
        "equality": 0.028000000000000025,
        "consistency": null
    },
    "auc": {
        "epoch": 1600,
        "acc": 0.6582229150428683,
        "roc": 0.7413266162888329,
        "parity": 0.018815136042526437,
        "equality": 0.008000000000000007,
        "consistency": null
    },
    "ar": {
        "epoch": 2600,
        "acc": 0.6800467653936088,
        "roc": 0.7334920998397069,
        "parity": 0.0318571405512722,
        "equality": 0.028000000000000025,
        "consistency": null
    },
    "best_epoch": 2600,
    "best_gnn_model": "gnn_epoch2600.pt",
    "best_ac_model": "ac_epoch2600.pt"
}