{
    "fair": {
        "epoch": 1800,
        "acc": 0.6558846453624319,
        "roc": 0.7117056713227998,
        "parity": 0.0004317742829318405,
        "equality": 0.0,
        "consistency": 0.41325847175253017
    },
    "acc": {
        "epoch": 2400,
        "acc": 0.6726422447388932,
        "roc": 0.7316021677734524,
        "parity": 0.055737890143709556,
        "equality": 0.0377142857142857,
        "consistency": null
    },
    "auc": {
        "epoch": 2400,
        "acc": 0.6636788776305534,
        "roc": 0.7366637661247233,
        "parity": 0.03718773707232825,
        "equality": 0.022285714285714298,
        "consistency": null
    },
    "ar": {
        "epoch": 2400,
        "acc": 0.6726422447388932,
        "roc": 0.7316021677734524,
        "parity": 0.055737890143709556,
        "equality": 0.0377142857142857,
        "consistency": null
    },
    "best_epoch": 1800,
    "best_gnn_model": "gnn_epoch1800.pt",
    "best_ac_model": "ac_epoch1800.pt"
}